Customer ID,Customer Name
C1000,Thomas Duncan
C1001,Kenneth Ross
C1002,Henry Reyes
C1003,Benjamin Carter
C1004,Jeremy Schmidt
C1005,Joe Hanson
C1006,Henry Reyes
C1007,Benjamin Vasquez
C1008,Benjamin Kim
C1009,Howard Morgan
C1010,Ralph Wood
C1011,Brandon Wright
C1012,Gerald Andrews
C1013,Nicholas Garcia
C1014,Juan Perez
C1015,Andrew Graham
C1016,Douglas Kennedy
C1017,Eugene Brooks
C1018,Samuel Jenkins
C1019,Jeremy Arnold
C1020,Peter Cook
C1021,Sean Andrews
C1022,Phillip Harvey
C1023,Wayne Stewart
C1024,Raymond Burke
C1025,Patrick Rivera
C1026,Walter Harris
C1027,Victor Gutierrez
C1028,Jason Diaz
C1029,Phillip Carpenter
C1030,Jose Williams
C1031,Victor Lopez
C1032,Bobby Jackson
C1033,Patrick Wells
C1034,Scott Roberts
C1035,Wayne Gordon
C1036,Keith Hamilton
C1037,Clarence Kelley
C1038,Robert Price
C1039,James Williams
C1040,Victor Gray
C1041,Albert Cunningham
C1042,Earl Ortiz
C1043,Johnny Butler
C1044,Bobby Greene
C1045,Johnny Butler
C1046,Matthew Phillips
C1047,Keith Hamilton
C1048,Charles Richards
C1049,Kenneth Foster
C1050,Kenneth Simpson
C1051,Willie Hicks
C1052,Michael Cole
C1053,Shawn Day
C1054,Ralph Nichols
C1055,Eric Alvarez
C1056,Andrew Peters
C1057,Paul Lane
C1058,Paul Lane
C1059,Jason Hanson
C1060,Louis White
C1061,Earl Simpson
C1062,Wayne Johnson
C1063,Joseph Warren
C1064,Carlos Smith
C1065,Harry Castillo
C1066,Joe Carroll
C1067,Ralph Elliott
C1068,Raymond Spencer
C1069,Aaron Carr
C1070,David Garrett
C1071,Shawn Day
C1072,Aaron Tucker
C1073,Antonio Frazier
C1074,Kevin Webb
C1075,Albert Cunningham
C1076,Joshua Garza
C1077,Paul Lane
C1078,Russell Nelson
C1079,Louis Austin
C1080,Carl Nguyen
C1081,Brian Murphy
C1082,Martin Berry
C1083,Aaron Cruz
C1084,Benjamin Ryan
C1085,Phillip Peters
C1086,Phillip Webb
C1087,Frank Mason
C1088,Mark Montgomery
C1089,Arthur Webb
C1090,Fred Romero
C1091,Jason Duncan
C1092,Roger Elliott
C1093,Raymond Hall
C1094,Charles Montgomery
C1095,Bobby Coleman
C1096,Antonio Nelson
C1097,Eric Armstrong
C1098,Jesse Hill
C1099,Johnny Hawkins
C1100,Stephen Reynolds
C1101,Billy Miller
C1102,Raymond Fields
C1103,John Robertson
C1104,Patrick Brown
C1105,William Medina
C1106,Alan Thomas
C1107,Adam Thompson
C1108,Mark Gonzalez
C1109,Earl Robinson
C1110,Victor Lopez
C1111,Bobby Burton
C1112,James Armstrong
C1113,Steve Wells
C1114,Jerry Andrews
C1115,David Mendoza
C1116,Eugene Scott
C1117,Ralph Wood
C1118,Jesse Barnes
C1119,Benjamin Lynch
C1120,Victor Gray
C1121,Jesse Graham
C1122,Harry Daniels
C1123,Christopher Kim
C1124,Benjamin Ryan
C1125,Juan Cruz
C1126,Joshua Anderson
C1127,Samuel Price
C1128,Scott Allen
C1129,Roger Alexander
C1130,David Mendoza
C1131,Jason Hudson
C1132,Joe Fuller
C1133,Roger Tucker
C1134,Aaron Day
C1135,Michael Reed
C1136,Justin Butler
C1137,Brandon Wood
C1138,Charles Perry
C1139,Aaron Tucker
C1140,Andrew Hansen
C1141,Albert Jacobs
C1142,Daniel Perry
C1143,Ronald Bradley
C1144,Carlos Reed
C1145,Kevin Willis
C1146,Terry Richards
C1147,Thomas Hawkins
C1148,Shawn Torres
C1149,Jesse Hill
C1150,Adam Bailey
C1151,Shawn Ramos
C1152,Frank Webb
C1153,Brandon Diaz
C1154,Lawrence Watson
C1155,Daniel Barnes
C1156,Steven Hayes
C1157,Clarence Freeman
C1158,Terry Morris
C1159,Wayne Stone
C1160,Michael Thomas
C1161,Mark Montgomery
C1162,Frank Ortiz
C1163,Shawn Wallace
C1164,Roger Elliott
C1165,Victor Hughes
C1166,Jesse Evans
C1167,Aaron Miller
C1168,Keith Campbell
C1169,Edward Walker
C1170,Steve Stewart
C1171,Billy Adams
C1172,George Stanley
C1173,Steven Owens
C1174,Sean Snyder
C1175,Phillip Coleman
C1176,Ronald Anderson
C1177,Jack Stevens
C1178,Richard Peters
C1179,David Wilson
C1180,Steven Mccoy
C1181,Raymond Alexander
C1182,Martin Olson
C1183,Paul Holmes
C1184,Adam White
C1185,Phillip Edwards
C1186,Bruce Porter
C1187,Billy West
C1188,Michael Cole
C1189,Ralph Wood
C1190,Steve Tucker
C1191,Terry Richards
C1192,Michael Austin
C1193,Antonio Frazier
C1194,Clarence Kelley
C1195,Steven Hayes
C1196,Edward Williams
C1197,Nicholas Simmons
C1198,Jason Ross
C1199,David Wheeler
C1200,John Brooks
C1201,Ernest Rivera
C1202,Todd Price
C1203,Joshua Brooks
C1204,Henry Boyd
C1205,Wayne Hunter
C1206,Antonio Cooper
C1207,Johnny Hawkins
C1208,Timothy Lawrence
C1209,Jesse Hill
C1210,Gregory Welch
C1211,Jesse Castillo
C1212,Andrew Adams
C1213,Christopher Hudson
C1214,Clarence Austin
C1215,Aaron Cruz
C1216,James Simmons
C1217,Joe Price
C1218,Victor Scott
C1219,Jack Howell
C1220,Eric Bradley
C1221,Peter Cook
C1222,Billy Olson
C1223,Jack Stevens
C1224,Ralph Richardson
C1225,Jose Ellis
C1226,Ernest Fox
C1227,Harry Castillo
C1228,Steve Miller
C1229,Mark Gonzalez
C1230,Christopher Wright
C1231,Matthew Lewis
C1232,Wayne Stewart
C1233,Billy Olson
C1234,Shawn Stephens
C1235,Victor Martinez
C1236,Paul Richardson
C1237,Terry Payne
C1238,Billy Nelson
C1239,Martin Olson
C1240,Clarence Freeman
C1241,Jeremy Wilson
C1242,Samuel Fowler
C1243,Ronald Burns
C1244,Victor Lopez
C1245,Terry Mills
C1246,Jesse Hill
C1247,Fred Russell
C1248,Harold Matthews
C1249,Wayne Ortiz
C1250,Alan Scott
C1251,Anthony Fisher
C1252,Christopher Arnold
C1253,Lawrence Kelly
C1254,Howard Harrison
C1255,Jonathan Moreno
C1256,Roger Alexander
C1257,James Armstrong
C1258,Stephen Webb
C1259,Phillip Webb
C1260,Steven Martinez
C1261,Andrew James
C1262,Matthew Fernandez
C1263,Michael Mills
C1264,Keith Moore
C1265,Michael Ward
C1266,Chris Chapman
C1267,Matthew Fernandez
C1268,Peter Warren
C1269,Steven Hayes
C1270,Joe Baker
C1271,Stephen Larson
C1272,Juan Hunt
C1273,Henry Kelley
C1274,Adam Hernandez
C1275,Willie Day
C1276,George Hill
C1277,Peter Cook
C1278,Johnny Butler
C1279,Eugene Sims
C1280,William James
C1281,Jack Stevens
C1282,Chris Howard
C1283,Charles Hughes
C1284,Ralph Richardson
C1285,Anthony Little
C1286,Bobby Hughes
C1287,Aaron Johnson
C1288,Jeffrey Phillips
C1289,Mark Elliott
C1290,Thomas Holmes
C1291,Bobby Hughes
C1292,Joe Griffin
C1293,Kenneth Ross
C1294,Henry Boyd
C1295,Steve Bennett
C1296,Scott Gordon
C1297,Joshua Brooks
C1298,Edward Mason
C1299,Gregory Welch
C1300,Steve Miller
C1301,James Simmons
C1302,Anthony Berry
C1303,Keith Murphy
C1304,Fred Russell
C1305,Paul Taylor
C1306,Shawn Stephens
C1307,Sean Woods
C1308,Michael Cole
C1309,Daniel Carroll
C1310,Billy Cook
C1311,Eugene Castillo
C1312,Antonio Cooper
C1313,Jonathan Harris
C1314,Raymond Young
C1315,Patrick Rivera
C1316,Adam Hernandez
C1317,Ronald Barnes
C1318,Randy Hayes
C1319,Charles Richards
C1320,Anthony Turner
C1321,Andrew Graham
C1322,Juan Rivera
C1323,Victor Chapman
C1324,Jesse Hernandez
C1325,Walter Baker
C1326,Donald Stanley
C1327,Andrew Robinson
C1328,Peter Boyd
C1329,Stephen Reynolds
C1330,Roy Shaw
C1331,Sean Black
C1332,Brian Hunter
C1333,Keith Jordan
C1334,Philip Bailey
C1335,Louis Mccoy
C1336,Andrew Graham
C1337,Eric Bowman
C1338,Thomas Hawkins
C1339,Billy West
C1340,Jimmy Morrison
C1341,Patrick Graham
C1342,Philip Burton
C1343,Eric Armstrong
C1344,Paul Richardson
C1345,Andrew Butler
C1346,Paul Henderson
C1347,Fred Jenkins
C1348,Fred Reid
C1349,Eric Ward
C1350,Douglas Franklin
C1351,Paul Johnson
C1352,Michael Lane
C1353,Adam Alexander
C1354,Fred Russell
C1355,William Franklin
C1356,Frank Mason
C1357,Christopher Miller
C1358,Steven Howard
C1359,Antonio Shaw
C1360,Bruce King
C1361,Todd Price
C1362,Victor Ramos
C1363,Roger Alexander
C1364,Jeffrey Sanders
C1365,Henry Harper
C1366,Ralph Banks
C1367,Nicholas Garcia
C1368,Jerry Andrews
C1369,Brian Murphy
C1370,Ernest Knight
C1371,David Ford
C1372,Keith Schmidt
C1373,Philip Cunningham
C1374,Mark Morales
C1375,Ronald Bradley
C1376,Steven Carr
C1377,Ralph Cooper
C1378,Shawn Cook
C1379,Roy Scott
C1380,Jesse Hill
C1381,Terry Watson
C1382,Mark Lee
C1383,Shawn Wallace
C1384,Nicholas Stanley
C1385,Victor Martinez
C1386,John Long
C1387,Justin Romero
C1388,Jason Murphy
C1389,Henry Andrews
C1390,Billy Miller
C1391,Arthur Gilbert
C1392,Paul Carpenter
C1393,John Brooks
C1394,Joe Price
C1395,Bruce Butler
C1396,Harry Perkins
C1397,Paul Johnson
C1398,Kenneth Dunn
C1399,Richard Peterson
C1400,Alan Sims
C1401,Phillip Carpenter
C1402,Howard Lewis
C1403,Antonio Dixon
C1404,Carlos Kim
C1405,Walter Harris
C1406,Peter Boyd
C1407,Albert Rice
C1408,Samuel Palmer
C1409,Eugene Brooks
C1410,Eugene Murphy
C1411,Raymond Allen
C1412,Frank Brown
C1413,Christopher Nguyen
C1414,Keith Stephens
C1415,Douglas Foster
C1416,Howard Lynch
C1417,Eric Bowman
C1418,Jeremy Schmidt
C1419,Eugene Cunningham
C1420,Clarence Warren
C1421,Patrick Hall
C1422,Jose Riley
C1423,Keith Stephens
C1424,Benjamin Lynch
C1425,Peter Warren
C1426,Matthew Lewis
C1427,Adam Bailey
C1428,Alan Gomez
C1429,Ralph Olson
C1430,Ernest Austin
C1431,Billy Evans
C1432,Peter Freeman
C1433,Carlos Wheeler
C1434,Christopher Nguyen
C1435,Justin Butler
C1436,Ronald Arnold
C1437,Steve Barnes
C1438,Ryan Bailey
C1439,Matthew Walker
C1440,Brian Warren
C1441,Eugene Cunningham
C1442,Phillip Morrison
C1443,Lawrence Kelly
C1444,Jack Reid
C1445,Philip Bailey
C1446,Brandon Wright
C1447,Sean Snyder
C1448,Adam Hunter
C1449,Nicholas Cunningham
C1450,Jesse Barnes
C1451,Nicholas Williamson
C1452,Joshua Anderson
C1453,Brandon Dixon
C1454,Arthur Webb
C1455,Eugene Scott
C1456,Raymond Alexander
C1457,Shawn Day
C1458,Richard Hudson
C1459,Todd Roberts
C1460,Joseph Lopez
C1461,Aaron Miller
C1462,Thomas Gonzales
C1463,Joshua Watkins
C1464,Jason Gray
C1465,John Long
C1466,Peter Gray
C1467,James Armstrong
C1468,Adam Hernandez
C1469,William Franklin
C1470,Sean Knight
C1471,Shawn Scott
C1472,Jeffrey Carpenter
C1473,James Fisher
C1474,Sean Kelly
C1475,Benjamin Kim
C1476,Larry Ross
C1477,Carlos Hunt
C1478,Thomas Holmes
C1479,Joshua Garza
C1480,Matthew Lewis
C1481,Stephen Cook
C1482,Shawn Fields
C1483,Mark Gonzalez
C1484,Christopher Kim
C1485,Raymond Fields
C1486,Wayne Williams
C1487,Dennis Myers
C1488,Samuel Palmer
C1489,Peter Boyd
C1490,Kenneth Arnold
C1491,Clarence Austin
C1492,Raymond Burke
C1493,Stephen Greene
C1494,Jack Reid
C1495,Henry Elliott
C1496,Carl Anderson
C1497,Brandon Diaz
C1498,Keith Campbell
C1499,Stephen Greene
C1500,Frank Brown
C1501,Earl Ortiz
C1502,Samuel Stewart
C1503,Patrick Graham
C1504,William Hawkins
C1505,Jose Watson
C1506,Victor Rogers
C1507,Donald Andrews
C1508,Matthew Smith
C1509,Louis Harris
C1510,Arthur Roberts
C1511,Fred Howell
C1512,Nicholas Ward
C1513,Henry Andrews
C1514,Steve Diaz
C1515,Gerald Reyes
C1516,Shawn Owens
C1517,Gregory Chapman
C1518,Scott Allen
C1519,Mark Elliott
C1520,Antonio Shaw
C1521,Philip Cunningham
C1522,Thomas Gonzales
C1523,Johnny Martinez
C1524,David Olson
C1525,Mark Simmons
C1526,Juan Rivera
C1527,Lawrence Watson
C1528,Jose Griffin
C1529,Walter Harris
C1530,Bruce Armstrong
C1531,Richard Hudson
C1532,Stephen Kelly
C1533,Paul Holmes
C1534,Alan Sims
C1535,Samuel Stewart
C1536,Frank Brown
C1537,Nicholas Williamson
C1538,Ralph Richardson
C1539,William Carpenter
C1540,Sean Woods
C1541,Mark Spencer
C1542,Douglas Wallace
C1543,Aaron Miller
C1544,Ralph Willis
C1545,Willie Mason
C1546,David Mendoza
C1547,Bruce Oliver
C1548,Aaron Carr
C1549,Harry Hudson
C1550,Jeremy Porter
C1551,Samuel Fowler
C1552,Robert Price
C1553,Steven Mccoy
C1554,Keith Stephens
C1555,Ralph Davis
C1556,Victor Lawson
C1557,Ralph Jacobs
C1558,Robert Ferguson
C1559,Joe Griffin
C1560,Bruce Butler
C1561,Eric Alvarez
C1562,Edward Mason
C1563,Richard Peterson
C1564,Joseph Warren
C1565,Ernest Rivera
C1566,Aaron Mills
C1567,Juan Lawrence
C1568,Jesse Alvarez
C1569,Jason Murphy
C1570,Jimmy Grant
C1571,Russell Bailey
C1572,Andrew Robinson
C1573,Michael Mills
C1574,Bobby Willis
C1575,James Simmons
C1576,Charles Fields
C1577,Fred Russell
C1578,Benjamin Vasquez
C1579,Keith James
C1580,Gregory Welch
C1581,Antonio Frazier
C1582,William Schmidt
C1583,George Ellis
C1584,Ralph Kelley
C1585,Paul Holmes
C1586,Kenneth Dunn
C1587,Samuel Jenkins
C1588,Juan Rivera
C1589,Arthur Webb
C1590,Sean Andrews
C1591,William Schmidt
C1592,Stephen Payne
C1593,Kevin Gilbert
C1594,Frank Brown
C1595,Carl Collins
C1596,Russell Boyd
C1597,Kevin Wheeler
C1598,Russell Grant
C1599,Todd Lynch
C1600,Walter Duncan
C1601,Jerry Rogers
C1602,Donald Andrews
C1603,Brian Warren
C1604,Billy Gonzales
C1605,Terry Morris
C1606,Keith Hamilton
C1607,Charles Fields
C1608,Jesse Castillo
C1609,Peter Bradley
C1610,Richard Jordan
C1611,Keith Murray
C1612,William Medina
C1613,Edward Williams
C1614,Ernest Bradley
C1615,Nicholas Stanley
C1616,Ryan Price
C1617,Carlos Stewart
C1618,Jose Ellis
C1619,George Adams
C1620,Fred Jenkins
C1621,Chris Hall
C1622,Gary Baker
C1623,Jesse Evans
C1624,Kevin Willis
C1625,Bobby Murray
C1626,Walter Baker
C1627,Ronald Burns
C1628,David Garrett
C1629,Paul Taylor
C1630,Philip Bailey
C1631,Michael Thomas
C1632,Howard Lewis
C1633,Gerald Andrews
C1634,Bruce Armstrong
C1635,Timothy Bowman
C1636,Jeremy Porter
C1637,Robert Carr
C1638,Victor Chapman
C1639,Nicholas Morrison
C1640,Benjamin Morgan
C1641,Charles Bell
C1642,Kenneth Ryan
C1643,Wayne Gordon
C1644,Roy Jenkins
C1645,Todd Roberts
C1646,Charles Richards
C1647,Jesse Hernandez
C1648,Jose Riley
C1649,Douglas Kennedy
C1650,Jack Reid
C1651,Ralph Kelley
C1652,Carl Martin
C1653,Nicholas Sanders
C1654,Philip Bailey
C1655,Carlos Miller
C1656,Carlos Kim
C1657,Eric Bowman
C1658,Alan Scott
C1659,Joseph Lopez
C1660,Brian Kim
C1661,Howard Moore
C1662,Stephen Webb
C1663,Fred Reid
C1664,Scott Roberts
C1665,Kevin Wheeler
C1666,Nicholas Morrison
C1667,Adam Hunter
C1668,Gerald Andrews
C1669,Andrew Robinson
C1670,Eugene Brooks
C1671,Steve Wells
C1672,Joe Fuller
C1673,Keith Murphy
C1674,Jose Williams
C1675,Michael Reed
C1676,Samuel Kim
C1677,Ernest Austin
C1678,Jonathan Hawkins
C1679,Donald Reynolds
C1680,Lawrence Kelly
C1681,Gary Hudson
C1682,Steven Martinez
C1683,Joe Rose
C1684,Clarence Kelley
C1685,James Foster
C1686,Wayne Rodriguez
C1687,Anthony Banks
C1688,Matthew Walker
C1689,Christopher Ramos
C1690,Timothy Howard
C1691,Douglas Diaz
C1692,Gregory Simmons
C1693,Thomas Campbell
C1694,Thomas Chapman
C1695,Thomas Gray
C1696,Charles Sims
C1697,Adam White
C1698,Clarence Warren
C1699,Henry Harper
C1700,Ernest Rivera
C1701,Thomas Gonzales
C1702,Roy West
C1703,Henry Boyd
C1704,Thomas Gonzales
C1705,Andrew Reynolds
C1706,Anthony Torres
C1707,Antonio Shaw
C1708,William Medina
C1709,Bobby Jackson
C1710,Mark Montgomery
C1711,Ronald George
C1712,Craig Reyes
C1713,Louis Torres
C1714,Stephen Webb
C1715,Thomas Daniels
C1716,Jeremy Gomez
C1717,Billy Olson
C1718,Victor Rogers
C1719,Willie Day
C1720,Stephen Cook
C1721,Juan Cruz
C1722,Raymond Alexander
C1723,Louis Harris
C1724,Ronald Arnold
C1725,Joe Hanson
C1726,Douglas Perkins
C1727,Jimmy Andrews
C1728,Joshua Little
C1729,William James
C1730,Roger Thompson
C1731,Andrew Burns
C1732,Benjamin Garza
C1733,William Montgomery
C1734,Robert Price
C1735,Craig Reyes
C1736,Juan Perez
C1737,Martin Johnston
C1738,Johnny Martinez
C1739,Matthew Lewis
C1740,Brandon Wood
C1741,Samuel Price
C1742,Todd George
C1743,Jeremy Arnold
C1744,Philip Foster
C1745,Jason Hudson
C1746,Joshua Watkins
C1747,Justin Rodriguez
C1748,Anthony Chapman
C1749,George Nichols
C1750,Patrick Hall
C1751,David Garrett
C1752,David Wheeler
C1753,Andrew Fernandez
C1754,Fred Perez
C1755,Carl Nguyen
C1756,Stephen Cook
C1757,Kenneth Ryan
C1758,Howard Morgan
C1759,Richard Peters
C1760,Christopher Johnston
C1761,Chris Fuller
C1762,Juan Harvey
C1763,Gary Porter
C1764,Charles Perry
C1765,Timothy Howard
C1766,Frank Gibson
C1767,David Wilson
C1768,Scott Rice
C1769,Bobby Black
C1770,Aaron Johnson
C1771,Bobby Hughes
C1772,Michael Hill
C1773,Martin Johnston
C1774,Joe Bryant
C1775,Arthur Reid
C1776,Wayne Stone
C1777,Steven Martinez
C1778,Anthony Parker
C1779,Martin Reyes
C1780,James Armstrong
C1781,Jack Jackson
C1782,Anthony Parker
C1783,Charles Sims
C1784,Dennis Myers
C1785,Scott Rice
C1786,Anthony Turner
C1787,Eric Bradley
C1788,Phillip Webb
C1789,Johnny Ward
C1790,Steven Nichols
C1791,Bruce Bowman
C1792,Christopher Weaver
C1793,Shawn Ramos
C1794,Peter Gilbert
C1795,Jeremy Peterson
C1796,Bobby Coleman
C1797,Jason Ross
C1798,Shawn Torres
C1799,Michael Austin
C1800,Mark Simmons
